first_name,phone,date
Ava,(416) 555-0123,Tuesday
Liam,+1 212 555 0147,Wednesday
Noah,1-604-555-0199,Thursday
Emma,212.555.0147,Friday
Olivia,4155550132,Monday
Lucas,+1 (514) 555-0177,Tuesday
François,438-555-0102,Wednesday
Sophia,310-555-0140 ext 22,Thursday
Ethan,011 1 403 555 0110,Friday
Mia,(416) 555 0123,Monday
Jackson,876-555-0100,Tuesday
Isabella,+1 809 555 0123,Wednesday
Mateo,787-555-0144,Thursday
Amelia,800-555-0100,Friday
Logan,555-0123,Monday
Harper,+44 20 7946 0958,Tuesday
Aiden,212-555-CALL,Wednesday
Ella,911-555-0100,Thursday
Grace,,Friday
Owen,+1 617 555 0181,Monday
Chloe,647-555-0192,Tuesday
Henry,305-555-0666,Wednesday
